substance,cp_0,cp_1,cp_2,cp_3,cp_4,cp_5,cp_6,cp_7,cp_8,cp_9,cp_10,cp_11,cp_12,cp_13,cp_14,cp_15,cp_16,cp_17,cp_18,cp_19,cp_20,cp_21,cp_22,cp_23,cp_24,cp_25,cp_26,cp_27,cp_28
allspice,854.1958,59.324734,42.728397,0.6357155,0.24953319,0.75345993,13.660018,137.49203,2.0682397,8.471058,-0.1099983,10.268545,96780910.0,251.84723,35.38771,0.617722,0.022576813,0.041928366,0.08181973,0.70005095,0.7947717,0.103717536,0.06280767,0.028008828,0.0,0.0032252588,0.032931592,0.085893735,0.0023765066
almond,850.7443,59.059715,42.441547,0.6454163,0.25904122,0.7478206,13.547455,137.65579,2.096888,8.467283,-0.107821696,10.261732,112575680.0,250.86493,35.220352,0.62321275,0.022708159,0.043061398,0.086291,0.69537425,0.7941127,0.10462574,0.062910005,0.027754415,0.0,0.003195963,0.032800674,0.08561817,0.0028595459
angelica,864.7794,60.066563,43.35575,0.62545264,0.25262976,0.7557214,13.830463,139.37862,2.0908778,8.591999,-0.11226074,10.411278,98212810.0,254.86497,35.839626,0.6237282,0.022762544,0.044145543,0.08191068,0.7108122,0.8065184,0.104845665,0.06345922,0.028280739,0.0,0.003276427,0.033454046,0.08673909,0.0022417658
apple,837.0912,58.143185,41.54072,0.6758621,0.27044335,0.7461514,13.271229,136.50635,2.1172414,8.376519,-0.10509031,10.140394,121061200.0,247.37733,34.624794,0.6226601,0.022988506,0.043349754,0.09228243,0.68932676,0.7912972,0.10394089,0.06256158,0.027093597,0.0,0.0031198687,0.032019705,0.08407225,0.002955665
asparagus,846.1731,58.75741,42.230873,0.6390424,0.2538088,0.7496114,13.472449,136.97214,2.0842123,8.431107,-0.1076511,10.215302,118627570.0,249.50142,35.044365,0.6219655,0.024443328,0.044868574,0.08571907,0.6906077,0.7880462,0.104135275,0.062447682,0.02779173,0.0,0.0035158212,0.033818852,0.08756069,0.0025113008
avocado,853.9918,59.323196,42.618855,0.64926505,0.2652475,0.7513162,13.602755,138.5079,2.1226559,8.514952,-0.10947795,10.312384,112968830.0,252.02838,35.367462,0.62713295,0.02263896,0.0430816,0.08633215,0.6974151,0.7969251,0.10559216,0.063524246,0.028045278,0.0,0.0032100016,0.032944754,0.0861632,0.0027031593
banana,857.62946,59.571014,42.84606,0.64534783,0.26365027,0.75214183,13.674564,138.86531,2.1161761,8.545331,-0.10937234,10.351931,112206550.0,253.01854,35.51335,0.6254465,0.022452798,0.043204628,0.08470828,0.7025004,0.80115664,0.105460115,0.063446164,0.028065998,0.0,0.003231842,0.033168904,0.08674945,0.0027215513
brazil_nut,855.6206,59.400475,42.78244,0.6316236,0.25356656,0.7503867,13.648668,138.20291,2.0910325,8.505605,-0.109205164,10.315217,113563580.0,252.15387,35.42901,0.6226223,0.022588314,0.042629074,0.08508831,0.70057744,0.796875,0.10495924,0.06334919,0.028023098,0.0,0.003226902,0.033118207,0.08644701,0.0030570652
broccoli,843.53406,58.542706,42.001827,0.64373547,0.26138252,0.7451763,13.390938,137.03288,2.0985377,8.428382,-0.1075108,10.214689,112173900.0,248.6876,34.898804,0.6224659,0.023097375,0.042206712,0.08840146,0.68959785,0.7891326,0.10485211,0.0626454,0.027750082,0.0,0.0031571952,0.036889333,0.086241275,0.0028248588
brussel_sprouts,855.7254,59.427383,42.788258,0.6326773,0.25330845,0.7532068,13.640745,138.52777,2.1028163,8.523923,-0.11062097,10.332202,113447976.0,252.27893,35.45487,0.62623006,0.02256532,0.042585682,0.086189345,0.7002036,0.79809976,0.10536139,0.063284695,0.027994571,0.0,0.0032236173,0.03512046,0.08720733,0.002375297
cabbage,849.4672,58.96629,42.454746,0.6243047,0.24894658,0.75070053,13.53596,137.35985,2.082926,8.462329,-0.10921962,10.257711,110915624.0,250.22653,35.17883,0.61874264,0.023259733,0.04230575,0.0842744,0.6954323,0.7918422,0.10483735,0.0632058,0.027810551,0.0,0.0035395247,0.037249282,0.08545424,0.0032024272
cashew,853.77264,59.26519,42.654255,0.63496363,0.25638855,0.7492073,13.606898,138.05923,2.0966322,8.49433,-0.10830936,10.297851,119303180.0,251.61855,35.340496,0.62260956,0.023184972,0.042816043,0.08546285,0.6984261,0.79505837,0.10458622,0.063124046,0.027923506,0.0,0.003215434,0.033000506,0.08613978,0.0028769674
cauliflower,844.3782,58.636547,42.045265,0.652854,0.2654352,0.7500977,13.403282,137.35365,2.1085038,8.456649,-0.10717257,10.235979,111276880.0,249.15361,34.940258,0.61890495,0.025128974,0.04443335,0.08470628,0.6894658,0.78781825,0.10367782,0.063404895,0.02762523,0.0,0.0033283408,0.039108004,0.08736895,0.0024962556
chervil,860.1186,59.738155,43.070633,0.6281854,0.25021377,0.75478745,13.733849,138.88121,2.0945785,8.550197,-0.110997096,10.365315,114359900.0,253.52797,35.64238,0.6244228,0.022746708,0.04275697,0.085342914,0.7049769,0.8005815,0.105695225,0.06362237,0.0282196,0.0,0.0032495297,0.033350438,0.08705319,0.0023943903
chives,856.3091,59.46909,42.81148,0.6345109,0.2537364,0.75379354,13.647308,138.64828,2.105299,8.532779,-0.109205164,10.341203,113563580.0,252.4786,35.46858,0.6243206,0.023267662,0.04245924,0.08763587,0.7012568,0.796875,0.10631794,0.06368886,0.028192936,0.0,0.0035665762,0.036005434,0.08661685,0.0023777173
cinnamon,858.586,59.63444,42.950893,0.6344416,0.25319692,0.75432146,13.703279,138.74657,2.1007674,8.538619,-0.11048593,10.349702,114008920.0,253.17238,35.571697,0.6255754,0.022676896,0.042455245,0.08593351,0.7028133,0.799659,0.10605285,0.06376812,0.028132992,0.0,0.0032395567,0.03324808,0.08678602,0.0023870417
cloves,849.73474,59.03071,42.298874,0.6650445,0.26967612,0.7495245,13.5284195,137.95049,2.10975,8.489008,-0.109078705,10.269676,110314280.0,250.98775,35.13442,0.62124515,0.023158249,0.043631483,0.08424232,0.6979359,0.7957711,0.10370868,0.06259439,0.02768921,0.0,0.0031884545,0.032723613,0.084913574,0.0023493874
coriander,849.5878,59.01698,42.422157,0.64340955,0.25806993,0.7518918,13.559023,137.27927,2.07885,8.4500675,-0.10911231,10.236718,112418040.0,250.64594,35.20612,0.6218897,0.024882313,0.042871553,0.08574311,0.69586414,0.7940484,0.10390047,0.06271015,0.027740417,0.0,0.003194351,0.03278413,0.085574985,0.0023537322
cumin,855.19885,59.40472,42.74915,0.6407948,0.25577447,0.752178,13.662453,137.96881,2.0810122,8.498132,-0.11056386,10.297384,96864180.0,252.25645,35.424423,0.62092394,0.0234375,0.042629074,0.08355978,0.7012568,0.7975544,0.10394022,0.06283967,0.028023098,0.0,0.003226902,0.03294837,0.0859375,0.0022078804
dill,839.4224,58.26512,41.811268,0.64656174,0.25882354,0.74499613,13.371157,135.6524,2.060812,8.344656,-0.107207954,10.1166525,110797430.0,247.49693,34.736538,0.6157415,0.022700911,0.043910522,0.086661145,0.6843414,0.7832643,0.10439105,0.06213753,0.027837614,0.0,0.0031483015,0.032477215,0.08450704,0.0028169013
garlic,850.0005,58.97966,42.427467,0.63338375,0.24894941,0.74895597,13.5159445,137.6324,2.0963187,8.477055,-0.10825349,10.278366,112399170.0,250.41653,35.17751,0.62027234,0.022356698,0.04202387,0.08841822,0.6933938,0.78954446,0.107076816,0.06488486,0.02790385,0.0,0.003193814,0.04017482,0.0857287,0.0023533367
ginger,835.30505,58.032204,41.57854,0.6537956,0.2578048,0.7506091,13.32377,134.78928,2.0512652,8.296418,-0.10696681,10.046007,109868960.0,246.61354,34.62044,0.6214262,0.024153795,0.049786396,0.08412751,0.6812356,0.7850805,0.102201775,0.06194545,0.027111404,0.0,0.0031219192,0.032533683,0.08363457,0.002793296
hazelnut,855.0514,59.34906,42.725098,0.6351604,0.25487867,0.74914116,13.623217,138.27231,2.1021552,8.512472,-0.10945189,10.315629,111329100.0,251.9681,35.388767,0.62141526,0.022399457,0.042423215,0.083319195,0.7001527,0.7973867,0.1045308,0.06329544,0.027829628,0.0,0.0032241642,0.033090107,0.08586459,0.0027150856
kiwi,857.1212,59.53701,42.79168,0.6500849,0.26519525,0.75207174,13.656692,138.95412,2.122241,8.547538,-0.10967742,10.352971,113525040.0,252.9382,35.48387,0.62682515,0.022580646,0.0426146,0.085908316,0.7005093,0.8003396,0.105772495,0.063497454,0.028013583,0.0,0.0032258064,0.03310696,0.086927,0.0025466892
lemon,843.9933,58.636665,41.95284,0.6768516,0.27681834,0.74861073,13.400389,137.23256,2.1019595,8.450017,-0.10793756,10.215377,119455760.0,249.42412,34.92627,0.62022585,0.024576552,0.046164066,0.08435736,0.6881435,0.7942544,0.103121884,0.06227167,0.027399534,0.0,0.003155098,0.03238127,0.084689476,0.002324809
mandarin_orange,843.92,58.622627,42.016804,0.6599002,0.26455906,0.74872357,13.442719,136.47919,2.0682197,8.40599,-0.108153075,10.178037,111258320.0,249.19768,34.94293,0.62079865,0.023627289,0.045091514,0.08535774,0.6898503,0.7906822,0.10399334,0.062728785,0.027454242,0.0,0.0031613978,0.032445922,0.08469218,0.002828619
mango,855.70465,59.438866,42.740376,0.6450738,0.25809735,0.75260985,13.647304,138.45059,2.1037817,8.516873,-0.109886386,10.320163,113390270.0,252.48126,35.439716,0.6255723,0.02255384,0.04307275,0.08665423,0.6996778,0.7976937,0.10547736,0.06342208,0.02798033,0.0,0.0032219773,0.033067662,0.086484656,0.0025436662
mint,846.92,58.834282,42.205093,0.6571716,0.2660858,0.7501035,13.501213,137.06854,2.081937,8.441856,-0.10908177,10.2181635,95431680.0,250.02916,35.053116,0.62030834,0.022955764,0.045073725,0.08260724,0.6948727,0.79289544,0.10338472,0.06233244,0.027647452,0.0,0.0031836461,0.032674264,0.08545576,0.002178284
mugwort,859.6508,59.69851,43.045883,0.62900186,0.24807397,0.75407267,13.740286,138.48816,2.0796096,8.5370655,-0.110768706,10.346516,97506610.0,253.36449,35.610855,0.62112653,0.022427667,0.0431433,0.081321694,0.7070707,0.80225986,0.10409176,0.06300291,0.028077384,0.0,0.0032528676,0.033213492,0.08611539,0.0025680533
mustard,279.521,18.990654,6.6168222,1.1214954,0.36448598,0.58137465,1.7392848,80.8013,2.598131,3.8971963,0.056074765,5.0186915,926170050.0,89.102806,10.682243,0.76635516,0.018691588,0.018691588,0.43925235,0.018691588,0.22429906,0.22429906,0.07476635,0.009345794,0.0,0.0,0.10280374,0.1588785,0.018691588
nutmeg,851.3024,59.13423,42.509106,0.644688,0.2544688,0.7525651,13.58974,137.37544,2.0770657,8.460202,-0.109612145,10.251433,112759256.0,251.17201,35.25818,0.6229342,0.022596965,0.04232715,0.08499157,0.6966273,0.79527825,0.10421585,0.06273187,0.02782462,0.0,0.0032040472,0.032883644,0.08583474,0.0023608769
oregano,861.06635,59.806824,43.120842,0.62924236,0.2538567,0.75408626,13.755324,138.99564,2.0961604,8.561878,-0.11141584,10.375043,112437820.0,253.81522,35.681522,0.62461436,0.022625986,0.043195065,0.08364759,0.70637643,0.8028797,0.10558793,0.06376414,0.028111072,0.0,0.0032567705,0.03342475,0.08656154,0.0022283169
peach,850.7887,59.08423,42.42115,0.65534633,0.2592468,0.75016755,13.531228,138.0393,2.110289,8.487559,-0.10827169,10.281271,118520940.0,251.10155,35.209988,0.62508404,0.022864828,0.043039676,0.08843309,0.69821787,0.7970747,0.10474109,0.06287828,0.027740417,0.0,0.003194351,0.03278413,0.08574311,0.0028581035
pear,846.11304,58.76392,42.089695,0.6642214,0.27392465,0.74635255,13.420954,137.96571,2.1312103,8.476826,-0.10703568,10.258753,111480900.0,249.85396,35.002502,0.62504166,0.022507502,0.042847615,0.09036346,0.69689894,0.7979326,0.103701234,0.06252084,0.02750917,0.0,0.0031677226,0.032510836,0.08502834,0.0028342782
pili_nut,863.92773,60.001377,43.31754,0.62250173,0.24896623,0.7557701,13.81018,139.33224,2.0914886,8.584252,-0.11199173,10.407477,98128200.0,254.57753,35.796864,0.6235355,0.022570642,0.042556856,0.083390765,0.7100276,0.8044452,0.106305994,0.06409373,0.02842867,0.0,0.0032736044,0.033597518,0.087181255,0.0022398345
pineapple,850.2939,59.060375,42.412884,0.6485032,0.2610158,0.7515665,13.536451,137.92723,2.1057854,8.481164,-0.10847629,10.274975,115079460.0,250.90851,35.202995,0.6239489,0.022367978,0.042885974,0.086108305,0.6984528,0.79852,0.10511268,0.062899426,0.027917927,0.0,0.0031954255,0.033131517,0.08577195,0.0028590648
potato,827.9363,57.47763,40.880272,0.7035726,0.27293208,0.7446679,13.053416,135.30101,2.116833,8.319762,-0.102349535,10.053589,119836350.0,244.86642,34.219986,0.61860317,0.024299968,0.049726423,0.08850981,0.67074347,0.77341485,0.10170583,0.06292243,0.029771484,0.0,0.0037013197,0.032990023,0.090762794,0.0041841003
radish,855.0917,59.37327,42.637886,0.6525853,0.26309565,0.75089556,13.582408,138.9198,2.1231835,8.55272,-0.10797567,10.359412,121504330.0,252.2947,35.36178,0.62521124,0.022642784,0.042412978,0.08583981,0.7007435,0.79976344,0.104596145,0.06302805,0.028218992,0.0,0.00337952,0.03717472,0.08617777,0.0030415682
saffron,858.3588,59.622444,42.895435,0.640327,0.25408718,0.7533632,13.680109,138.90123,2.108481,8.553304,-0.11052452,10.357459,131379860.0,253.20027,35.55058,0.6231267,0.022820164,0.04342643,0.08378746,0.70418936,0.80006814,0.10422343,0.0630109,0.028099455,0.0,0.0032356947,0.03320845,0.08634196,0.0022138965
star_anise,856.98004,59.527687,42.86335,0.63980234,0.2552394,0.7532381,13.694502,138.2184,2.0833192,8.517635,-0.110751405,10.318624,97041460.0,252.74596,35.496506,0.62020785,0.022831827,0.04276708,0.08212642,0.7033566,0.8001363,0.10410632,0.06304311,0.027943432,0.0,0.0032373487,0.033055034,0.08621571,0.002385415
strawberry,853.21185,59.273277,42.42437,0.6798319,0.28453782,0.7477709,13.52534,139.46712,2.1690757,8.564538,-0.104369745,10.361009,112380270.0,252.18016,35.270252,0.62957984,0.022521008,0.042521007,0.0897479,0.6979832,0.8013445,0.10386555,0.06252101,0.027731093,0.0,0.0031932774,0.03277311,0.08554622,0.0025210085
sweet_potato,857.09155,59.53251,42.80428,0.6450518,0.25683245,0.7529662,13.647483,138.85559,2.1132236,8.54405,-0.10881005,10.350704,113607640.0,252.8793,35.484127,0.6253607,0.022916313,0.042946868,0.08640299,0.7015787,0.7985062,0.10558479,0.06365643,0.028008828,0.0,0.0032252588,0.033101343,0.08657274,0.0027160074
tomato,841.71796,58.44518,41.845875,0.65702003,0.25467175,0.7457355,13.379215,136.22025,2.0874815,8.376054,-0.10633372,10.149165,117010550.0,248.4475,34.861088,0.61832315,0.025467174,0.044650238,0.08566231,0.68546385,0.78634036,0.10368778,0.06499091,0.027782371,0.0,0.003142054,0.03290888,0.0851662,0.00264594
turnip,853.0121,59.200306,42.624935,0.6296735,0.24970394,0.75026715,13.5832,138.02191,2.092201,8.491457,-0.10945694,10.301133,113121690.0,251.31044,35.302994,0.6232448,0.022500424,0.04229403,0.08729488,0.69768226,0.7947894,0.1062426,0.06377939,0.028083235,0.0,0.0032143462,0.035357807,0.08678734,0.0023684655
